PostId,PostUrl,PostEngagement,Platform,ChannelID,ChannelName,ChannelUid,ChannelUrl,ChannelEngagement,post_body_text,GoogleAudioText,VoskAudioText,EmbeddedContentText,published_at,post_data,post_media_urls,LikesCount,SharesCount,CommentsCount,ViewsCount,post_media_file,embedded_post_text,search_data
517096897,https://twitter.com/realDonaldTrump/status/1923793436068487574,,Twitter,14001198,Donald J. Trump,blank_for_now,blank_for_now,"{""follower_count"":104924160,""following_count"":53,""like_count"":null,""post_count"":59765,""views_count"":null,""comment_count"":null,""share_count"":null}",üá¶üá™üá∫üá∏ https://t.co/7fRFm4zCL5, ,no longer populated,,2025-05-17T17:31:12.000Z,post data removed,https://www.junkipedia.org/rails/active_storage/blobs/redirect/eyJfcmFpbHMiOnsibWVzc2FnZSI6IkJBaHBCT2tiMEQwPSIsImV4cCI6bnVsbCwicHVyIjoiYmxvYl9pZCJ9fQ==--66292c135a5e7f3dc2d5651e78b8e2bcf9b5df1b/post-14001198-517096897-thumbnail,160509,22170,9539,27827090,,
517096863,https://twitter.com/realDonaldTrump/status/1923793069138178293,,Twitter,14001198,Donald J. Trump,blank_for_now,blank_for_now,"{""follower_count"":104926630,""following_count"":53,""like_count"":null,""post_count"":59765,""views_count"":null,""comment_count"":null,""share_count"":null}",üá∂üá¶üá∫üá∏ https://t.co/v1NwTQPWLO, ,no longer populated,,2025-05-17T17:29:44.000Z,post data removed,https://www.junkipedia.org/rails/active_storage/blobs/redirect/eyJfcmFpbHMiOnsibWVzc2FnZSI6IkJBaHBCSzRiMEQwPSIsImV4cCI6bnVsbCwicHVyIjoiYmxvYl9pZCJ9fQ==--fe435209f4be29de14f4f8ffcaf5a16e1cf846ab/post-14001198-517096863-thumbnail,271165,37855,10462,39772942,,
517096839,https://twitter.com/realDonaldTrump/status/1923792625028497464,,Twitter,14001198,Donald J. Trump,blank_for_now,blank_for_now,"{""follower_count"":104926227,""following_count"":53,""like_count"":null,""post_count"":59765,""views_count"":null,""comment_count"":null,""share_count"":null}",üá∏üá¶üá∫üá∏ https://t.co/i5cRnVmaFv, ,no longer populated,,2025-05-17T17:27:58.000Z,post data removed,https://www.junkipedia.org/rails/active_storage/blobs/redirect/eyJfcmFpbHMiOnsibWVzc2FnZSI6IkJBaHBCSUliMEQwPSIsImV4cCI6bnVsbCwicHVyIjoiYmxvYl9pZCJ9fQ==--5e16e61f42d746f71ee8404d60cf12c3c3727a17/post-14001198-517096839-thumbnail,289191,41948,9824,37475355,,
516224256,https://twitter.com/realDonaldTrump/status/1923432648103333919,,Twitter,14001198,Donald J. Trump,blank_for_now,blank_for_now,"{""follower_count"":104926494,""following_count"":53,""like_count"":null,""post_count"":59765,""views_count"":null,""comment_count"":null,""share_count"":null}","THE SUPREME COURT IS BEING PLAYED BY THE RADICAL LEFT LOSERS, WHO HAVE NO SUPPORT, THE PUBLIC HATES THEM, AND THEIR ONLY HOPE IS THE INTIMIDATION OF THE COURT, ITSELF. WE CAN‚ÄôT LET THAT HAPPEN TO OUR COUNTRY!", ,no longer populated,,2025-05-16T17:37:33.000Z,post data removed,,333190,52517,30389,47870948,,
516211192,https://twitter.com/realDonaldTrump/status/1923427418913616200,,Twitter,14001198,Donald J. Trump,blank_for_now,blank_for_now,"{""follower_count"":104924513,""following_count"":53,""like_count"":null,""post_count"":59765,""views_count"":null,""comment_count"":null,""share_count"":null}","Republicans MUST UNITE behind, ‚ÄúTHE ONE, BIG BEAUTIFUL BILL!‚Äù Not only does it cut Taxes for ALL Americans, but it will kick millions of Illegal Aliens off of Medicaid to PROTECT it for those who are the ones in real need. The Country will suffer greatly without this Legislation, with their Taxes going up 65%. It will be blamed on the Democrats, but that doesn‚Äôt help our Voters. We don‚Äôt need ‚ÄúGRANDSTANDERS‚Äù in the Republican Party. STOP TALKING, AND GET IT DONE! It is time to fix the MESS that Biden and the Democrats gave us. Thank you for your attention to this matter!", ,no longer populated,,2025-05-16T17:16:46.000Z,post data removed,,238192,42204,17507,33365066,,
513601932,https://twitter.com/realDonaldTrump/status/1922347924987474196,,Twitter,14001198,Donald J. Trump,blank_for_now,blank_for_now,"{""follower_count"":104917927,""following_count"":53,""like_count"":null,""post_count"":59765,""views_count"":null,""comment_count"":null,""share_count"":null}",https://t.co/DskIpIscnd, ,no longer populated,,2025-05-13T17:47:15.000Z,post data removed,,149584,30754,15559,30346553,,
512311644,https://twitter.com/realDonaldTrump/status/1921911904429088892,,Twitter,14001198,Donald J. Trump,blank_for_now,blank_for_now,"{""follower_count"":104924576,""following_count"":53,""like_count"":null,""post_count"":59765,""views_count"":null,""comment_count"":null,""share_count"":null}",https://t.co/9uLRtPVKpp, ,no longer populated,,2025-05-12T12:54:40.000Z,post data removed,https://www.junkipedia.org/rails/active_storage/blobs/redirect/eyJfcmFpbHMiOnsibWVzc2FnZSI6IkJBaHBCSXQyUUQwPSIsImV4cCI6bnVsbCwicHVyIjoiYmxvYl9pZCJ9fQ==--03997a7bff4c871648f0a9ab5c597b28e11b1c71/post-14001198-512311644-thumbnail,462293,57022,26958,66640763,,
512311652,https://twitter.com/realDonaldTrump/status/1921911844026954234,,Twitter,14001198,Donald J. Trump,blank_for_now,blank_for_now,"{""follower_count"":104926227,""following_count"":53,""like_count"":null,""post_count"":59765,""views_count"":null,""comment_count"":null,""share_count"":null}",https://t.co/1Y5vg9zbEx, ,no longer populated,,2025-05-12T12:54:25.000Z,post data removed,https://www.junkipedia.org/rails/active_storage/blobs/redirect/eyJfcmFpbHMiOnsibWVzc2FnZSI6IkJBaHBCSmgyUUQwPSIsImV4cCI6bnVsbCwicHVyIjoiYmxvYl9pZCJ9fQ==--2f3a8bbf6583272ed989868ad118050bdfddb3f1/post-14001198-512311652-thumbnail,287855,41064,26741,50326641,,
511840058,https://twitter.com/realDonaldTrump/status/1921699954696855934,,Twitter,14001198,Donald J. Trump,blank_for_now,blank_for_now,"{""follower_count"":104926264,""following_count"":53,""like_count"":null,""post_count"":59765,""views_count"":null,""comment_count"":null,""share_count"":null}",https://t.co/ifaRjPPHvv, ,no longer populated,,2025-05-11T22:52:27.000Z,post data removed,https://www.junkipedia.org/rails/active_storage/blobs/redirect/eyJfcmFpbHMiOnsibWVzc2FnZSI6IkJBaHBCQm0yTWowPSIsImV4cCI6bnVsbCwicHVyIjoiYmxvYl9pZCJ9fQ==--afd9fe58e4c797d4eac045d75d17ff7726947e8e/post-14001198-511840058-thumbnail,367432,46032,17010,47159093,,
